weight,quality,shade,grade,height,width,cost,length,breadth,depth
0.686,Good,Green,B,60.7,48.91,2456,9.26,9.25,6.23
1.239,Very Good,Purple,C-,61.88,63.26,16163,5.43,7.87,3.16
1.264,Very Good,Purple,C-,65.08,67.01,15210,5.57,7.85,3.05
0.821,Excellent,Red,A+,61.58,67.41,12843,8.77,5.12,3.71
0.936,Excellent,Blue,A+,65.74,56.76,15015,4.27,5.84,4.15
0.826,Very Good,Orange,B,64.29,66.92,2529,3.82,9.58,5.94
0.711,Good,Green,B,61.81,51.98,2319,8.97,9.05,6.63
0.728,Good,Green,B,60.06,51.45,2319,8.99,9.34,6.59
1.429,Fair,Black,A,54.72,54.22,4969,9.19,6.9,2.48
0.699,Good,Green,B,64.85,52.19,2355,9.24,8.81,6.77
0.704,Excellent,White,B+,54.08,59.93,3212,7.07,4.67,2.22
0.797,Very Good,Orange,B,66.13,70.17,2493,3.72,9.61,6.18
1.313,Very Good,Purple,C-,63.76,65.62,15948,5.27,7.74,3.24
0.733,Good,Green,B,62.33,49.13,2433,8.75,8.84,6.47
0.503,Fair,Pink,C,60.03,60.65,13160,9.11,8.27,3.0
0.98,Very Good,Yellow,B+,59.52,67.77,5858,4.91,8.93,5.8
0.879,Excellent,Blue,A+,64.6,56.83,15666,4.14,5.5,4.13
0.69,Good,Green,B,62.01,48.13,2462,9.34,8.57,6.48
1.421,Fair,Black,A,55.85,53.36,5441,9.28,6.87,2.55
0.475,Fair,Pink,C,59.5,59.83,14247,8.96,7.8,2.87
0.923,Excellent,Blue,A+,63.73,52.68,14547,4.31,5.5,4.27
0.785,Very Good,Orange,B,61.35,71.28,2525,3.76,10.44,6.14
0.711,Excellent,White,B+,55.95,57.96,3070,7.01,4.63,2.18
0.931,Excellent,Blue,A+,68.67,52.02,15051,4.18,5.85,4.0
1.019,Very Good,Yellow,B+,55.91,65.36,5678,5.08,9.0,6.08
1.411,Fair,Black,A,56.55,53.01,4947,8.54,6.87,2.43
1.298,Very Good,Purple,C-,62.65,64.36,15293,5.33,8.07,3.03
0.714,Excellent,White,B+,57.2,59.85,3290,7.01,4.69,2.13
1.063,Very Good,Yellow,B+,58.46,67.78,5841,4.68,9.48,5.9
1.42,Fair,Black,A,58.27,50.58,5036,8.98,6.82,2.43
0.752,Good,Green,B,62.53,50.7,2289,8.72,9.04,6.54
0.856,Very Good,Orange,B,61.14,71.62,2532,3.86,10.17,5.98
0.855,Very Good,Orange,B,65.75,66.66,2631,3.92,9.6,6.12
1.435,Fair,Black,A,58.11,54.81,5397,8.78,6.47,2.58
0.485,Fair,Pink,C,61.35,61.53,13025,9.29,7.84,3.05
0.825,Excellent,Red,A+,62.34,71.9,12552,8.71,5.05,3.74
0.48,Fair,Pink,C,57.04,63.07,13084,9.12,8.26,2.86
0.842,Very Good,Orange,B,63.86,68.43,2662,3.92,9.93,5.8
0.752,Good,Green,B,63.29,48.53,2288,8.98,8.95,6.45
0.897,Excellent,Blue,A+,68.11,55.8,15748,4.42,5.49,4.0
0.709,Good,Green,B,62.47,52.18,2513,9.33,9.28,6.33
0.885,Excellent,Red,A+,61.86,72.88,12382,9.11,5.11,3.96
0.991,Very Good,Yellow,B+,59.67,64.85,5912,5.08,9.14,6.09
0.719,Excellent,White,B+,57.9,60.67,3111,7.01,4.65,2.15
0.754,Good,Green,B,60.73,51.01,2375,9.54,8.93,6.79
0.747,Good,Green,B,60.62,50.71,2516,8.68,8.99,6.4
0.815,Very Good,Orange,B,66.05,67.41,2703,3.78,9.54,6.06
1.533,Fair,Black,A,55.91,53.96,5325,9.05,6.61,2.39
0.83,Very Good,Orange,B,64.03,67.47,2704,3.9,10.17,5.99
0.483,Fair,Pink,C,56.7,61.6,13534,9.22,7.74,3.02
1.306,Very Good,Purple,C-,61.28,63.61,15887,5.44,7.82,3.09
0.743,Excellent,White,B+,56.16,60.22,3347,7.06,4.77,2.15
0.61,Excellent,Brown,A+,64.49,63.25,15564,10.11,3.88,4.0
1.064,Very Good,Yellow,B+,58.65,69.31,5674,5.09,9.47,6.03
1.299,Very Good,Purple,C-,62.85,66.01,15208,5.54,7.91,2.98
1.263,Very Good,Purple,C-,66.46,66.27,15943,5.43,8.02,2.98
0.87,Excellent,Red,A+,61.01,73.63,13124,9.3,5.4,3.84
1.459,Fair,Black,A,57.97,52.51,5022,9.22,6.67,2.56
0.493,Fair,Pink,C,58.62,61.37,13391,8.62,7.83,2.93
0.852,Very Good,Orange,B,60.36,67.65,2569,3.76,9.71,6.05
0.823,Very Good,Orange,B,62.47,68.04,2579,4.06,10.08,6.22
0.613,Excellent,Brown,A+,59.41,60.79,15687,10.77,4.18,4.17
1.514,Fair,Black,A,57.92,52.74,5081,8.89,6.63,2.54
1.329,Very Good,Purple,C-,66.7,67.73,16769,5.42,8.01,3.13
0.877,Excellent,Blue,A+,65.03,56.19,14716,4.15,5.55,4.08
0.841,Very Good,Orange,B,62.24,71.87,2686,3.8,9.58,5.81
1.404,Fair,Black,A,58.22,51.34,4975,9.31,6.39,2.38
0.984,Very Good,Yellow,B+,55.22,65.15,5486,4.98,9.46,5.73
0.493,Fair,Pink,C,56.56,61.25,14039,8.65,8.26,3.14
0.726,Good,Green,B,64.76,50.68,2497,8.99,9.29,6.3
0.632,Excellent,Brown,A+,63.3,59.24,15716,10.76,4.04,4.04
0.638,Excellent,Brown,A+,61.55,61.26,15101,10.41,3.94,4.35
0.701,Excellent,White,B+,58.69,59.29,3305,7.04,4.67,2.25
0.486,Fair,Pink,C,60.95,62.26,13651,9.29,8.07,2.95
1.049,Very Good,Yellow,B+,55.6,70.08,5554,4.88,9.5,5.83
0.914,Excellent,Blue,A+,64.35,54.13,14979,4.15,5.53,4.14
0.483,Fair,Pink,C,58.6,58.73,13345,8.92,8.04,2.92
0.741,Excellent,White,B+,56.05,60.21,3069,6.71,4.79,2.16
0.612,Excellent,Brown,A+,62.83,60.74,16059,10.45,3.94,4.18
0.468,Fair,Pink,C,56.28,58.74,13178,9.03,8.21,2.91
1.039,Very Good,Yellow,B+,56.7,68.1,5848,4.95,9.85,6.1
0.467,Fair,Pink,C,56.62,57.66,13746,8.8,8.38,3.02
0.857,Excellent,Red,A+,61.52,67.41,12365,8.71,5.19,3.74
0.892,Excellent,Blue,A+,67.87,52.11,14539,4.25,5.69,4.18
0.815,Excellent,Red,A+,60.38,68.82,13642,8.56,5.34,3.84
0.603,Excellent,Brown,A+,62.64,61.39,15212,10.77,4.2,4.12
0.593,Excellent,Brown,A+,65.38,59.23,15701,10.53,3.91,4.02
0.982,Very Good,Yellow,B+,55.54,64.14,5671,4.95,9.2,5.74
0.49,Fair,Pink,C,58.23,61.74,14280,9.26,8.1,3.05
1.007,Very Good,Yellow,B+,58.26,68.5,5932,5.06,9.0,5.7
0.485,Fair,Pink,C,60.4,63.15,13616,8.97,7.84,2.97
0.48,Fair,Pink,C,58.46,58.06,13069,8.94,7.86,2.93
0.7,Good,Green,B,63.18,52.11,2420,8.66,9.14,6.71
0.591,Excellent,Brown,A+,64.1,61.52,15531,10.83,3.87,4.24
0.764,Excellent,White,B+,55.93,57.96,3142,6.63,4.54,2.18
0.715,Excellent,White,B+,58.6,60.33,3216,6.87,4.61,2.16
1.347,Very Good,Purple,C-,66.6,61.76,16590,5.38,7.36,3.11
0.636,Excellent,Brown,A+,63.28,63.3,14846,10.45,4.17,4.17
0.702,Excellent,White,B+,58.75,59.14,3116,6.66,4.72,2.21
0.7,Good,Green,B,64.22,48.36,2507,9.23,8.59,6.78
0.48,Fair,Pink,C,57.17,62.63,14357,8.77,8.04,2.97
0.621,Excellent,Brown,A+,64.87,63.95,14957,10.7,3.97,4.38
1.436,Fair,Black,A,52.93,53.99,5375,8.97,6.81,2.59
0.733,Excellent,White,B+,55.23,58.8,3213,6.87,4.62,2.13
1.022,Very Good,Yellow,B+,56.45,69.36,5439,5.02,9.59,6.08
1.363,Very Good,Purple,C-,66.39,65.99,15443,5.65,7.41,3.24
0.85,Very Good,Orange,B,65.36,69.68,2606,3.88,10.22,6.05
0.809,Excellent,Red,A+,61.69,68.55,13160,8.81,4.98,3.73
1.452,Fair,Black,A,54.68,53.95,5334,9.23,6.39,2.39
0.504,Fair,Pink,C,59.94,60.2,13149,9.12,8.3,2.98
0.499,Fair,Pink,C,55.84,62.39,13416,8.89,7.72,3.01
0.631,Excellent,Brown,A+,60.5,59.7,15467,10.28,4.07,4.2
0.598,Excellent,Brown,A+,62.26,60.18,14925,9.89,4.12,4.37
1.42,Fair,Black,A,55.38,51.98,5245,9.02,6.65,2.44
0.466,Fair,Pink,C,57.83,60.5,13339,9.06,8.06,3.15
0.457,Fair,Pink,C,60.43,59.97,13026,9.33,8.22,3.14
0.635,Excellent,Brown,A+,64.58,64.19,15721,10.12,4.12,4.08
1.027,Very Good,Yellow,B+,59.03,68.99,5790,5.07,9.52,6.14
0.898,Excellent,Blue,A+,65.11,54.63,15553,4.08,5.53,4.2
0.82,Excellent,Red,A+,61.72,72.84,12825,8.9,5.08,3.67
0.764,Excellent,White,B+,54.95,60.67,3297,6.88,4.5,2.26
1.052,Very Good,Yellow,B+,59.3,70.74,5966,5.05,9.27,6.07
0.893,Excellent,Blue,A+,63.03,53.49,15578,4.15,5.58,4.16
0.788,Very Good,Orange,B,61.32,66.77,2699,3.92,10.42,5.93
0.73,Good,Green,B,61.88,51.31,2435,8.75,8.5,6.2
0.702,Excellent,White,B+,54.61,58.72,3164,6.81,4.91,2.24
1.458,Fair,Black,A,57.05,50.98,5155,8.54,6.69,2.48
0.458,Fair,Pink,C,57.74,60.26,14317,9.32,7.68,3.06
1.529,Fair,Black,A,56.51,50.48,5083,9.32,7.0,2.58
0.732,Good,Green,B,62.98,50.79,2285,9.36,8.67,6.26
0.602,Excellent,Brown,A+,64.56,62.03,15432,10.73,3.89,4.32
0.589,Excellent,Brown,A+,64.74,59.51,14733,10.14,3.87,4.27
0.881,Excellent,Blue,A+,64.57,55.76,15335,4.04,5.52,3.95
1.303,Very Good,Purple,C-,66.08,64.85,16444,5.41,7.4,3.1
0.592,Excellent,Brown,A+,64.27,63.96,15332,10.36,4.19,4.02
0.755,Excellent,White,B+,55.69,56.21,3267,6.86,4.89,2.16
0.808,Excellent,Red,A+,58.65,71.13,13062,8.74,5.46,3.81
0.73,Excellent,White,B+,55.71,60.21,3076,7.01,4.88,2.21
1.008,Very Good,Yellow,B+,60.25,66.92,5886,4.85,9.62,5.79
0.834,Very Good,Orange,B,62.21,67.66,2709,3.73,10.33,5.85
0.738,Good,Green,B,61.31,48.44,2294,9.52,8.95,6.61
1.281,Very Good,Purple,C-,65.57,66.63,16588,5.52,8.06,3.13
0.787,Very Good,Orange,B,63.05,67.68,2595,4.04,9.85,6.13
0.739,Good,Green,B,62.56,51.85,2482,9.53,9.18,6.57
1.4,Fair,Black,A,58.09,54.54,5079,8.62,6.84,2.45
0.808,Very Good,Orange,B,60.99,67.6,2640,3.73,10.24,6.39
0.738,Good,Green,B,60.33,49.9,2361,8.98,9.1,6.68
0.626,Excellent,Brown,A+,64.9,59.57,15689,9.93,3.83,4.18
1.298,Very Good,Purple,C-,64.13,63.53,16407,5.19,7.65,3.03
0.619,Excellent,Brown,A+,63.54,58.9,15139,10.5,3.8,4.12
1.042,Very Good,Yellow,B+,59.53,66.08,5483,4.9,9.33,5.68
1.5,Fair,Black,A,55.7,54.56,5359,8.52,6.94,2.39
0.911,Excellent,Blue,A+,62.74,53.19,15092,4.21,5.73,4.01
1.238,Very Good,Purple,C-,63.37,66.96,16189,5.58,8.02,2.97
0.702,Good,Green,B,62.65,50.42,2374,8.93,8.76,6.39
0.809,Excellent,Red,A+,60.8,70.41,12602,9.15,5.12,3.97
0.823,Excellent,Red,A+,57.88,68.07,13133,9.13,5.28,3.68
0.727,Excellent,White,B+,56.46,58.96,3257,7.16,4.77,2.31
0.85,Very Good,Orange,B,63.8,67.65,2487,3.88,9.8,5.96
0.901,Excellent,Blue,A+,62.71,53.99,14497,4.19,5.53,4.16
0.728,Good,Green,B,62.14,50.11,2413,9.37,9.25,6.47
0.629,Excellent,Brown,A+,61.38,61.55,14765,9.94,3.84,4.37
0.86,Very Good,Orange,B,60.38,71.12,2480,3.98,10.49,6.11
0.599,Excellent,Brown,A+,61.71,60.36,15160,10.23,4.04,4.32
0.784,Very Good,Orange,B,60.45,71.35,2543,3.99,10.16,6.35
0.831,Excellent,Red,A+,60.5,67.68,12804,9.32,5.3,3.76
0.633,Excellent,Brown,A+,59.9,62.06,15519,10.22,3.85,4.29
1.41,Fair,Black,A,56.65,52.84,4949,8.73,7.0,2.46
0.708,Excellent,White,B+,58.9,56.48,3134,7.1,4.7,2.21
1.402,Fair,Black,A,54.79,54.21,5008,8.79,6.47,2.58
0.639,Excellent,Brown,A+,60.41,61.32,15163,10.58,3.9,4.18
0.492,Fair,Pink,C,60.16,58.99,13342,9.42,8.23,3.12
1.002,Very Good,Yellow,B+,60.59,70.77,5678,4.79,9.29,5.92
0.872,Excellent,Red,A+,61.81,67.66,12675,9.03,5.39,3.82
0.735,Good,Green,B,62.2,48.41,2300,8.79,8.85,6.51
1.247,Very Good,Purple,C-,67.15,67.06,16615,5.63,7.63,3.07
0.798,Very Good,Orange,B,66.12,69.22,2477,4.07,10.34,6.19
0.814,Excellent,Red,A+,58.72,72.51,13254,8.58,5.31,3.78
0.952,Excellent,Blue,A+,62.35,52.66,14667,4.44,5.71,4.07
0.467,Fair,Pink,C,56.29,59.01,13890,9.11,7.65,3.1
0.737,Excellent,White,B+,53.39,58.59,3117,6.65,4.67,2.23
1.022,Very Good,Yellow,B+,56.19,68.64,5713,4.83,9.83,5.93
1.478,Fair,Black,A,55.09,52.64,5270,9.33,6.53,2.38
0.709,Good,Green,B,63.55,50.95,2465,9.31,8.75,6.2
1.446,Fair,Black,A,56.5,54.54,5296,9.33,6.69,2.42
0.808,Excellent,Red,A+,61.66,69.9,12731,8.49,5.04,3.63
0.481,Fair,Pink,C,61.36,60.86,13362,9.23,7.75,2.96
0.948,Excellent,Blue,A+,64.4,52.16,14999,4.42,5.79,4.26
1.279,Very Good,Purple,C-,62.48,66.25,15787,5.56,7.52,2.97
1.245,Very Good,Purple,C-,65.16,67.1,16072,5.3,7.38,3.15
0.477,Fair,Pink,C,59.77,58.58,13623,8.95,8.18,3.12
0.651,Excellent,Brown,A+,61.09,64.66,15985,9.96,4.06,4.14
0.883,Excellent,Red,A+,57.86,70.96,13365,8.49,4.97,3.91
0.809,Very Good,Orange,B,65.83,66.82,2509,3.88,9.87,6.07
0.725,Good,Green,B,62.28,49.79,2435,8.87,8.56,6.65
0.731,Excellent,White,B+,58.42,56.26,3287,7.04,4.57,2.22
0.708,Excellent,White,B+,54.06,56.01,3095,7.05,4.93,2.27
0.834,Very Good,Orange,B,64.32,70.45,2545,3.82,9.66,6.23
0.87,Excellent,Red,A+,60.05,67.54,12611,8.58,5.35,3.62
1.481,Fair,Black,A,55.52,55.35,5007,9.24,6.41,2.47
0.732,Excellent,White,B+,57.61,60.39,3063,7.23,4.77,2.19
1.447,Fair,Black,A,57.81,54.28,5272,8.62,7.01,2.48
0.945,Excellent,Blue,A+,65.62,53.14,14686,4.43,5.49,4.28
1.528,Fair,Black,A,57.63,51.48,5270,8.95,6.45,2.45
1.41,Fair,Black,A,56.49,53.28,5241,8.61,6.78,2.6
0.848,Very Good,Orange,B,63.4,72.38,2477,3.72,10.14,6.15
1.042,Very Good,Yellow,B+,57.52,68.44,5698,4.96,9.2,6.17
0.711,Excellent,White,B+,57.82,57.95,3185,7.03,4.54,2.18
0.708,Excellent,White,B+,56.7,57.4,3269,7.06,4.87,2.3
0.867,Excellent,Red,A+,60.09,67.44,12664,8.56,5.17,3.66
0.896,Excellent,Blue,A+,64.74,54.83,14817,4.41,5.46,4.03
0.634,Excellent,Brown,A+,60.56,59.6,16058,10.37,4.15,4.2
0.752,Good,Green,B,62.13,52.65,2331,8.97,8.5,6.5
0.714,Excellent,White,B+,53.34,56.2,3082,6.74,4.64,2.18
0.906,Excellent,Blue,A+,65.96,52.55,15280,4.07,5.65,4.21
0.496,Fair,Pink,C,59.22,61.27,13191,8.64,7.9,3.15
1.535,Fair,Black,A,57.12,51.21,5204,8.9,6.4,2.41
0.845,Very Good,Orange,B,63.12,67.64,2702,3.76,10.43,5.99
1.364,Very Good,Purple,C-,66.04,63.7,15738,5.58,7.72,3.16
0.479,Fair,Pink,C,55.67,59.58,13165,8.92,7.85,3.12
0.924,Excellent,Blue,A+,63.96,55.04,15917,4.28,5.5,3.92
0.706,Excellent,White,B+,56.82,59.2,3309,6.66,4.78,2.1
0.698,Good,Green,B,61.73,49.89,2379,8.83,8.9,6.57
0.757,Excellent,White,B+,57.42,55.94,3084,6.7,4.62,2.24
1.452,Fair,Black,A,58.24,52.59,5217,8.94,6.82,2.59
0.485,Fair,Pink,C,56.7,59.06,13779,8.75,8.38,2.94
0.49,Fair,Pink,C,59.61,60.53,13672,9.05,8.35,3.07
0.462,Fair,Pink,C,59.53,59.87,14357,9.29,8.36,3.09
0.458,Fair,Pink,C,61.16,58.05,14280,9.14,8.2,2.91
1.436,Fair,Black,A,56.05,51.59,4996,9.11,6.53,2.39
1.43,Fair,Black,A,54.21,50.69,5111,8.88,6.82,2.41
1.54,Fair,Black,A,53.79,53.61,5397,8.88,6.8,2.56
0.471,Fair,Pink,C,59.35,63.07,13137,9.07,8.03,3.07
0.953,Excellent,Blue,A+,63.37,56.27,14707,4.43,5.93,4.06
0.707,Excellent,White,B+,57.5,60.68,3132,6.58,4.61,2.22
0.802,Very Good,Orange,B,66.08,70.4,2598,4.07,10.35,6.08
1.046,Very Good,Yellow,B+,57.02,69.06,5784,5.01,8.94,5.8
0.483,Fair,Pink,C,60.01,58.63,14187,9.36,8.26,3.0
0.713,Good,Green,B,59.59,52.72,2394,9.5,8.46,6.42
0.749,Excellent,White,B+,58.65,57.34,3271,6.56,4.77,2.24
0.93,Excellent,Blue,A+,65.27,52.36,15482,4.43,5.87,4.21
0.73,Good,Green,B,64.84,49.63,2333,9.52,8.88,6.47
0.612,Excellent,Brown,A+,63.76,64.25,15693,10.71,4.13,4.31
0.643,Excellent,Brown,A+,59.89,61.37,15611,9.96,4.03,4.02
1.529,Fair,Black,A,54.04,52.99,5025,9.22,6.66,2.55
0.619,Excellent,Brown,A+,64.99,61.36,14620,10.02,3.97,4.23
1.464,Fair,Black,A,57.41,53.98,5145,9.18,6.86,2.52
0.908,Excellent,Blue,A+,66.81,54.42,14531,4.42,5.92,4.09
0.476,Fair,Pink,C,60.07,62.21,14355,9.13,7.94,3.15
1.293,Very Good,Purple,C-,67.19,64.2,15328,5.65,7.99,2.99
0.789,Very Good,Orange,B,66.1,69.35,2503,4.09,10.33,6.26
0.478,Fair,Pink,C,59.78,60.14,13534,8.76,7.97,2.9
1.059,Very Good,Yellow,B+,59.31,64.89,5876,4.86,9.65,6.13
0.891,Excellent,Blue,A+,62.67,54.71,15118,4.32,5.86,4.0
0.906,Excellent,Blue,A+,63.76,52.67,15752,4.06,5.65,4.01
0.609,Excellent,Brown,A+,63.11,62.76,15025,10.19,3.86,4.27
1.006,Very Good,Yellow,B+,56.7,67.88,5752,5.02,9.09,6.01
1.469,Fair,Black,A,58.33,55.13,5289,9.15,6.58,2.48
0.828,Excellent,Red,A+,58.1,70.47,12663,8.66,5.39,3.66
0.76,Excellent,White,B+,56.45,61.24,3218,6.65,4.58,2.13
0.75,Good,Green,B,64.26,48.25,2453,8.82,8.69,6.61
0.591,Excellent,Brown,A+,59.83,63.58,15434,10.58,3.89,4.08
0.804,Very Good,Orange,B,65.58,68.08,2519,3.99,10.25,6.26
1.035,Very Good,Yellow,B+,59.18,66.8,5551,4.81,9.2,5.88
0.804,Very Good,Orange,B,62.12,72.78,2591,4.02,10.22,6.26
0.854,Very Good,Orange,B,62.19,69.5,2616,3.79,9.65,5.95
0.625,Excellent,Brown,A+,61.98,59.56,15039,10.28,4.13,4.2
0.8,Very Good,Orange,B,65.03,73.37,2636,3.9,9.67,6.28
0.815,Excellent,Red,A+,60.28,67.98,13506,9.34,5.44,3.81
0.752,Good,Green,B,63.14,51.63,2378,9.41,8.66,6.63
0.889,Excellent,Blue,A+,65.21,51.82,15409,4.43,5.88,4.17
0.87,Excellent,Blue,A+,65.84,51.55,15244,4.15,5.92,3.9
1.34,Very Good,Purple,C-,67.14,62.45,15354,5.21,7.46,3.11
0.801,Very Good,Orange,B,62.35,69.21,2575,3.93,10.49,5.93
0.731,Good,Green,B,64.32,51.61,2302,8.99,8.95,6.21
0.934,Excellent,Blue,A+,62.77,56.07,15420,4.18,5.92,4.29
1.532,Fair,Black,A,54.19,54.92,5299,8.96,6.55,2.61
0.499,Fair,Pink,C,58.87,57.77,14287,8.83,8.37,3.03
1.356,Very Good,Purple,C-,63.21,65.42,16106,5.59,7.84,3.11
1.333,Very Good,Purple,C-,62.18,68.18,16358,5.4,8.07,2.96
1.265,Very Good,Purple,C-,61.77,65.68,16182,5.45,8.06,3.05
0.494,Fair,Pink,C,58.21,58.95,13772,8.89,7.75,3.03
1.246,Very Good,Purple,C-,65.27,66.94,16340,5.17,7.43,3.17
0.865,Excellent,Red,A+,58.9,67.44,12356,8.73,5.13,3.71
0.81,Excellent,Red,A+,59.59,70.6,13016,8.55,4.99,3.82
0.626,Excellent,Brown,A+,61.4,60.99,14981,10.28,3.83,4.37
1.022,Very Good,Yellow,B+,56.08,66.69,5494,4.8,9.39,5.64
1.271,Very Good,Purple,C-,63.21,66.84,15777,5.64,7.87,3.1
0.601,Excellent,Brown,A+,60.04,60.49,15986,10.23,4.05,4.33
0.815,Very Good,Orange,B,62.56,72.37,2639,3.94,9.8,6.16
1.013,Very Good,Yellow,B+,56.13,66.81,5596,5.02,9.52,6.18
0.997,Very Good,Yellow,B+,56.73,69.43,5623,5.11,9.12,6.19
0.86,Excellent,Red,A+,60.3,73.38,12950,9.09,5.17,3.72
0.743,Good,Green,B,63.94,49.84,2399,9.22,8.67,6.6
1.338,Very Good,Purple,C-,61.75,68.19,15966,5.35,7.71,3.23
1.306,Very Good,Purple,C-,66.38,64.09,16632,5.42,7.81,2.97
1.031,Very Good,Yellow,B+,57.16,68.49,5440,5.14,9.57,5.84
0.858,Very Good,Orange,B,62.56,66.67,2537,3.9,10.02,6.15
0.603,Excellent,Brown,A+,61.71,61.47,15574,10.6,3.86,4.41
0.701,Excellent,White,B+,55.63,61.2,3077,7.2,4.53,2.16
0.751,Excellent,White,B+,56.22,57.61,3071,7.05,4.68,2.1
0.943,Excellent,Blue,A+,62.98,56.09,15424,4.33,5.46,4.3
1.017,Very Good,Yellow,B+,58.3,66.36,5658,4.88,9.68,5.98
0.857,Excellent,Red,A+,59.59,66.89,13148,8.63,5.25,3.76
0.985,Very Good,Yellow,B+,59.46,69.58,5450,4.7,9.75,5.72
0.795,Very Good,Orange,B,60.57,71.3,2597,4.08,9.81,6.03
1.311,Very Good,Purple,C-,63.52,67.25,16187,5.57,7.86,3.04
0.626,Excellent,Brown,A+,63.58,60.55,14900,10.0,3.95,4.05
1.289,Very Good,Purple,C-,62.16,64.24,15497,5.47,7.85,3.15
0.85,Excellent,Red,A+,59.94,67.67,12758,8.86,4.97,3.75
0.914,Excellent,Blue,A+,63.5,53.57,15293,4.32,5.6,4.1
0.729,Excellent,White,B+,53.76,55.76,3283,6.76,4.59,2.21
0.869,Excellent,Red,A+,60.39,72.11,12993,8.91,5.24,3.71
1.518,Fair,Black,A,54.96,54.5,4961,9.09,6.73,2.62
0.737,Good,Green,B,63.05,49.03,2489,8.67,8.69,6.74
0.716,Good,Green,B,65.17,51.69,2336,9.38,8.98,6.4
0.628,Excellent,Brown,A+,60.41,59.47,14851,10.1,3.82,4.14
0.485,Fair,Pink,C,56.56,63.5,13415,9.07,8.36,3.0
0.694,Good,Green,B,63.65,49.86,2294,8.9,9.04,6.63
0.824,Excellent,Red,A+,61.27,72.51,13339,9.06,5.19,3.83
0.486,Fair,Pink,C,57.77,58.03,14103,9.24,7.92,3.07
0.816,Very Good,Orange,B,62.92,70.67,2695,4.04,9.59,6.39
0.849,Very Good,Orange,B,64.86,69.38,2721,4.03,9.99,5.99
0.472,Fair,Pink,C,58.96,61.0,13679,8.86,8.15,2.86
0.729,Good,Green,B,64.19,47.87,2503,8.79,8.86,6.82
1.261,Very Good,Purple,C-,65.72,62.61,16239,5.22,8.03,3.03
0.8,Very Good,Orange,B,62.19,72.93,2513,3.86,9.81,6.22
1.008,Very Good,Yellow,B+,55.63,64.77,5536,4.69,9.49,5.91
0.694,Excellent,White,B+,57.2,60.36,3356,6.85,4.53,2.11
1.247,Very Good,Purple,C-,66.47,62.42,15788,5.29,7.61,3.2
0.857,Excellent,Red,A+,61.06,67.17,13082,9.0,5.03,3.74
1.028,Very Good,Yellow,B+,55.98,66.9,5806,5.08,9.01,5.66
0.726,Good,Green,B,61.38,52.63,2355,8.77,8.7,6.23
1.485,Fair,Black,A,56.93,51.66,5429,8.48,6.93,2.59
1.017,Very Good,Yellow,B+,58.06,69.17,5583,4.68,9.77,6.17
0.722,Excellent,White,B+,54.65,59.31,3062,7.17,4.47,2.17
0.79,Very Good,Orange,B,65.27,70.58,2565,3.97,10.26,6.38
0.685,Good,Green,B,59.41,49.1,2289,8.7,9.16,6.5
1.509,Fair,Black,A,55.27,52.28,5273,8.93,6.47,2.4
0.721,Good,Green,B,60.26,51.85,2408,9.0,9.02,6.72
0.706,Good,Green,B,61.71,52.58,2337,8.87,9.28,6.25
0.627,Excellent,Brown,A+,61.31,63.19,15668,10.0,4.08,4.28
0.845,Excellent,Red,A+,59.08,70.32,13419,8.69,5.13,3.89
0.491,Fair,Pink,C,56.27,63.02,13473,8.94,8.02,2.93
0.628,Excellent,Brown,A+,62.48,61.77,14619,10.77,3.87,4.06
0.748,Good,Green,B,63.18,48.37,2457,8.65,9.22,6.18
0.912,Excellent,Blue,A+,64.73,52.3,15855,4.4,5.68,4.27
1.264,Very Good,Purple,C-,62.88,67.7,15711,5.58,7.76,2.98
0.886,Excellent,Blue,A+,67.49,56.81,15890,4.07,5.63,4.01
0.472,Fair,Pink,C,58.81,57.62,13289,9.06,7.84,3.04
0.72,Excellent,White,B+,58.75,61.41,3288,7.06,4.72,2.27
0.803,Excellent,Red,A+,59.46,68.33,12800,9.2,5.4,3.97
0.939,Excellent,Blue,A+,64.69,55.49,14907,4.12,5.92,4.07
0.958,Excellent,Blue,A+,63.16,53.01,14506,4.14,5.85,4.06
0.817,Very Good,Orange,B,64.56,70.67,2601,3.95,9.89,6.16
0.909,Excellent,Blue,A+,68.54,52.77,14836,4.17,5.82,4.18
0.805,Very Good,Orange,B,61.56,67.12,2522,4.01,10.08,5.89
0.841,Excellent,Red,A+,58.88,67.54,12815,9.14,5.17,3.79
0.691,Good,Green,B,64.01,49.32,2449,9.19,8.65,6.73
0.81,Excellent,Red,A+,58.49,69.19,13017,9.06,5.08,3.99
0.956,Excellent,Blue,A+,67.82,54.5,15276,4.08,5.43,4.22
0.685,Good,Green,B,64.15,52.73,2311,9.39,8.79,6.58
0.726,Good,Green,B,60.6,51.87,2285,8.7,9.26,6.46
0.811,Excellent,Red,A+,62.08,72.37,12509,9.29,4.97,3.96
1.342,Very Good,Purple,C-,63.82,61.94,16293,5.22,7.48,3.0
0.477,Fair,Pink,C,56.44,61.29,13860,9.13,8.0,3.11
0.698,Excellent,White,B+,54.86,56.38,3103,7.17,4.71,2.23
1.513,Fair,Black,A,58.43,54.29,5126,8.94,6.69,2.6
1.444,Fair,Black,A,54.42,50.3,5250,8.48,6.91,2.45
0.732,Excellent,White,B+,57.6,61.42,3351,6.62,4.77,2.15
0.939,Excellent,Blue,A+,68.43,54.61,15933,4.2,5.9,4.3
0.818,Excellent,Red,A+,60.56,72.35,13256,9.27,4.95,3.88
0.624,Excellent,Brown,A+,62.89,59.78,16046,10.8,4.0,4.12
0.696,Excellent,White,B+,53.61,59.09,3046,6.88,4.62,2.23
0.832,Excellent,Red,A+,58.06,72.32,13478,8.51,5.02,3.88
0.868,Excellent,Red,A+,62.08,72.73,13598,8.79,5.43,3.76
0.708,Good,Green,B,61.0,52.69,2455,9.04,9.02,6.49
0.793,Very Good,Orange,B,65.95,71.46,2711,4.01,9.72,6.15
0.835,Excellent,Red,A+,61.4,68.76,12581,8.46,5.31,3.83
0.591,Excellent,Brown,A+,63.14,64.3,16015,10.11,4.03,4.38
0.831,Excellent,Red,A+,57.47,69.12,12765,9.02,5.44,3.92
0.816,Very Good,Orange,B,61.52,68.34,2487,3.81,9.61,5.8
1.292,Very Good,Purple,C-,63.98,62.83,15862,5.61,7.59,3.06
0.751,Excellent,White,B+,56.54,60.01,3112,6.87,4.84,2.1
0.898,Excellent,Blue,A+,68.46,51.89,14698,4.2,5.78,4.12
0.708,Good,Green,B,65.11,52.28,2449,9.04,9.04,6.57
1.255,Very Good,Purple,C-,61.93,63.09,15503,5.51,7.87,3.17
0.488,Fair,Pink,C,57.31,58.15,13553,9.04,7.99,2.87
0.908,Excellent,Blue,A+,64.15,55.08,15352,4.12,5.38,3.97
0.503,Fair,Pink,C,58.35,58.27,14090,8.97,8.32,2.93
1.453,Fair,Black,A,54.98,52.17,5037,8.49,6.66,2.44
0.483,Fair,Pink,C,56.46,61.79,13147,9.15,8.25,2.97
0.603,Excellent,Brown,A+,59.76,61.0,15334,10.88,4.07,4.38
0.644,Excellent,Brown,A+,62.35,59.1,15916,10.62,4.0,4.37
0.631,Excellent,Brown,A+,63.25,59.36,15693,10.06,4.19,4.4
0.977,Very Good,Yellow,B+,57.56,70.8,5663,5.14,9.52,6.1
0.471,Fair,Pink,C,59.83,62.46,13134,9.05,8.04,3.11
1.464,Fair,Black,A,57.78,54.31,5263,8.92,6.65,2.48
0.851,Excellent,Red,A+,60.5,73.46,12480,8.55,5.35,3.91
1.526,Fair,Black,A,57.8,51.55,5280,8.96,6.68,2.42
1.254,Very Good,Purple,C-,65.2,66.26,15262,5.61,7.57,3.02
0.761,Excellent,White,B+,58.33,55.69,3301,6.76,4.6,2.2
0.754,Good,Green,B,60.41,49.3,2458,9.35,8.74,6.65
0.629,Excellent,Brown,A+,60.55,59.92,15795,10.65,4.1,4.35
0.916,Excellent,Blue,A+,63.27,53.18,15210,4.1,5.85,4.26
0.885,Excellent,Blue,A+,67.96,52.58,14527,4.05,5.4,4.04
0.992,Very Good,Yellow,B+,59.88,67.53,5777,4.72,8.96,5.82
0.617,Excellent,Brown,A+,65.38,61.54,15378,10.24,4.14,4.1
0.705,Good,Green,B,61.4,48.6,2417,9.52,9.22,6.6
0.992,Very Good,Yellow,B+,57.48,64.26,5859,5.03,8.94,6.14
0.854,Excellent,Red,A+,57.05,68.46,13396,8.73,5.44,3.85
1.351,Very Good,Purple,C-,66.77,64.73,15549,5.29,7.72,3.14
0.595,Excellent,Brown,A+,62.57,62.7,15825,10.27,4.06,4.25
0.489,Fair,Pink,C,58.39,59.61,13393,8.84,7.82,3.05
0.465,Fair,Pink,C,58.6,59.03,13092,9.32,8.25,2.97
0.835,Very Good,Orange,B,64.39,71.19,2729,3.81,9.92,6.03
0.923,Excellent,Blue,A+,68.74,55.91,14961,4.34,5.76,4.16
0.76,Excellent,White,B+,57.06,58.54,3310,7.14,4.88,2.13
0.718,Good,Green,B,63.6,51.43,2414,9.48,9.3,6.76
0.7,Good,Green,B,60.38,52.17,2380,9.45,8.79,6.56
0.756,Excellent,White,B+,55.93,60.64,3226,7.21,4.5,2.29
1.414,Fair,Black,A,56.71,52.96,5154,9.23,6.47,2.62
0.813,Very Good,Orange,B,63.44,72.95,2588,3.83,10.22,6.27
0.718,Excellent,White,B+,58.83,57.41,3058,6.87,4.56,2.26
0.636,Excellent,Brown,A+,62.43,63.33,14669,10.52,4.05,4.16
0.721,Excellent,White,B+,53.51,56.74,3159,6.56,4.62,2.27
0.966,Very Good,Yellow,B+,55.12,69.08,5543,5.08,9.22,5.67
1.483,Fair,Black,A,53.85,54.51,5095,8.71,6.85,2.52
0.815,Very Good,Orange,B,64.18,67.53,2728,3.9,10.25,5.9
1.237,Very Good,Purple,C-,62.72,68.15,15537,5.14,7.7,2.98
0.904,Excellent,Blue,A+,66.42,55.67,15387,4.29,5.39,3.94
0.874,Excellent,Blue,A+,62.98,53.9,14627,4.14,5.76,3.98
0.897,Excellent,Blue,A+,66.56,55.08,14850,4.29,5.44,4.24
0.721,Good,Green,B,62.83,49.21,2468,9.1,9.0,6.68
1.54,Fair,Black,A,54.91,52.32,5023,8.94,6.97,2.55
0.718,Excellent,White,B+,53.31,59.5,3330,7.13,4.78,2.12
0.74,Good,Green,B,59.46,51.42,2497,9.23,8.86,6.81
0.478,Fair,Pink,C,56.16,58.63,13069,8.81,8.24,2.94
0.691,Good,Green,B,63.7,48.02,2484,9.25,8.61,6.41
0.763,Excellent,White,B+,54.8,59.86,3159,6.79,4.52,2.18
0.713,Excellent,White,B+,55.46,60.55,3295,7.0,4.84,2.11
0.959,Excellent,Blue,A+,67.76,52.05,15825,4.24,5.69,4.07
0.613,Excellent,Brown,A+,61.62,58.79,15582,10.75,4.19,4.04
0.702,Excellent,White,B+,55.6,55.84,3123,6.77,4.8,2.24
0.634,Excellent,Brown,A+,60.77,64.51,15870,10.42,4.08,4.25
1.321,Very Good,Purple,C-,62.88,64.0,16282,5.34,7.96,3.12
0.592,Excellent,Brown,A+,63.4,59.58,15833,10.77,4.15,4.02
0.717,Excellent,White,B+,55.15,57.2,3202,6.93,4.64,2.27
0.717,Good,Green,B,63.97,50.04,2485,9.05,8.56,6.5
0.879,Excellent,Blue,A+,64.93,54.51,14440,4.08,5.71,4.15
0.499,Fair,Pink,C,58.86,61.54,13640,8.86,8.26,3.09
0.718,Excellent,White,B+,57.6,59.08,3269,6.81,4.68,2.11
0.964,Very Good,Yellow,B+,57.16,68.4,5870,4.92,9.28,5.67
0.844,Excellent,Red,A+,61.93,71.9,12881,8.68,5.04,3.66
1.263,Very Good,Purple,C-,66.59,62.99,15740,5.54,7.35,3.14
0.597,Excellent,Brown,A+,64.95,61.44,15436,10.4,4.19,3.99
0.92,Excellent,Blue,A+,65.06,54.66,15845,4.37,5.88,4.18
0.864,Excellent,Red,A+,57.77,69.41,13130,9.24,5.2,3.76
0.646,Excellent,Brown,A+,64.14,60.3,16009,10.89,3.98,4.05
1.313,Very Good,Purple,C-,66.99,65.08,16548,5.43,7.56,3.17
1.489,Fair,Black,A,54.03,53.46,5091,8.76,6.82,2.62
0.845,Excellent,Red,A+,61.17,68.95,12500,8.77,5.19,3.83
1.323,Very Good,Purple,C-,67.04,65.22,16603,5.36,7.32,2.98
1.254,Very Good,Purple,C-,65.6,63.05,16400,5.22,7.54,3.02
0.932,Excellent,Blue,A+,64.16,55.57,14489,4.38,5.43,4.25
1.524,Fair,Black,A,57.05,53.12,5063,9.15,6.9,2.45
0.954,Excellent,Blue,A+,64.76,56.68,15923,4.17,5.68,3.9
0.466,Fair,Pink,C,60.66,62.78,13621,8.75,8.11,3.06
0.841,Very Good,Orange,B,63.29,70.82,2671,4.08,9.79,5.9
0.697,Good,Green,B,60.07,50.37,2370,9.03,8.95,6.26
0.641,Excellent,Brown,A+,59.41,61.49,15969,9.92,4.17,4.24
0.641,Excellent,Brown,A+,61.26,63.49,15376,9.96,4.08,4.21
0.847,Excellent,Red,A+,61.72,67.81,13056,8.81,5.12,3.95
0.806,Very Good,Orange,B,61.7,73.26,2630,3.89,10.06,6.25
0.88,Excellent,Blue,A+,64.49,52.79,15416,4.43,5.51,3.91
0.81,Very Good,Orange,B,64.87,67.39,2536,3.99,9.52,6.11
0.821,Very Good,Orange,B,63.06,70.01,2547,3.96,9.82,5.85
0.696,Good,Green,B,64.93,50.49,2281,8.7,9.05,6.68
1.344,Very Good,Purple,C-,62.6,67.14,16605,5.53,7.65,3.2
0.738,Good,Green,B,59.95,50.09,2359,8.72,8.5,6.69
1.407,Fair,Black,A,57.49,54.97,5151,8.86,6.64,2.45
1.323,Very Good,Purple,C-,64.72,65.92,16189,5.54,7.77,3.16
0.71,Good,Green,B,62.12,49.24,2444,9.2,8.71,6.78
1.286,Very Good,Purple,C-,65.54,64.83,16053,5.2,7.62,3.19
1.44,Fair,Black,A,56.45,51.73,5401,9.31,6.95,2.54
0.92,Excellent,Blue,A+,65.86,52.16,14447,4.29,5.67,4.28
0.466,Fair,Pink,C,59.91,61.97,13305,9.37,8.28,2.89
0.821,Excellent,Red,A+,62.01,68.05,12585,9.17,5.38,3.93
1.464,Fair,Black,A,55.98,51.69,4975,8.54,6.85,2.5
0.808,Very Good,Orange,B,64.08,68.24,2544,3.73,9.69,6.09
0.83,Very Good,Orange,B,61.78,70.69,2617,3.85,9.82,6.06
0.898,Excellent,Blue,A+,67.37,55.35,15414,4.16,5.57,4.17
0.851,Very Good,Orange,B,62.77,69.11,2549,3.92,9.68,6.17
0.497,Fair,Pink,C,56.39,60.83,13375,9.35,7.66,2.87
0.947,Excellent,Blue,A+,66.36,55.89,15319,4.36,5.49,3.91
0.482,Fair,Pink,C,61.42,60.43,14077,8.88,7.78,3.08
0.462,Fair,Pink,C,58.51,58.12,13513,8.56,7.79,3.14
0.631,Excellent,Brown,A+,64.11,59.48,14778,10.47,4.03,4.36
0.865,Excellent,Red,A+,59.9,69.21,12634,8.89,4.97,3.75
0.93,Excellent,Blue,A+,65.62,55.78,15029,4.43,5.87,3.91
0.787,Very Good,Orange,B,65.95,71.04,2541,3.99,10.08,6.14
1.32,Very Good,Purple,C-,63.63,66.0,16536,5.41,7.6,3.23
1.456,Fair,Black,A,57.47,51.98,5352,9.24,6.37,2.6
0.706,Excellent,White,B+,53.73,59.34,3107,6.68,4.64,2.25
0.732,Good,Green,B,61.57,49.45,2307,9.26,8.88,6.56
1.238,Very Good,Purple,C-,61.55,65.48,15457,5.47,7.35,3.12
0.884,Excellent,Blue,A+,68.27,54.29,15056,4.45,5.73,4.26
0.501,Fair,Pink,C,56.84,61.25,13660,8.98,7.78,2.97
0.87,Excellent,Red,A+,61.92,67.97,13207,8.69,5.32,3.74
0.737,Excellent,White,B+,53.68,57.79,3082,6.57,4.71,2.29
1.342,Very Good,Purple,C-,65.18,62.9,16642,5.45,7.99,3.11
0.691,Good,Green,B,63.09,52.32,2409,8.65,9.29,6.62
1.303,Very Good,Purple,C-,63.66,62.03,16047,5.25,7.93,3.19
1.281,Very Good,Purple,C-,66.46,67.65,16539,5.44,7.64,3.02
1.057,Very Good,Yellow,B+,55.59,68.16,5724,4.78,8.94,6.04
0.922,Excellent,Blue,A+,63.0,51.53,15434,4.33,5.55,4.04
0.839,Excellent,Red,A+,60.51,68.52,13046,8.96,5.26,3.99
1.333,Very Good,Purple,C-,63.94,66.84,15971,5.33,7.74,3.02
0.484,Fair,Pink,C,60.1,59.98,13204,9.33,7.7,2.92
0.811,Excellent,Red,A+,60.05,72.21,13391,9.0,5.3,3.63
1.36,Very Good,Purple,C-,61.31,62.34,15432,5.63,7.65,2.96
1.002,Very Good,Yellow,B+,58.63,69.02,5945,4.85,9.55,5.77
0.593,Excellent,Brown,A+,64.21,59.7,15291,9.89,4.14,4.38
1.439,Fair,Black,A,53.1,53.33,5208,8.66,6.48,2.38
1.031,Very Good,Yellow,B+,60.76,64.71,5572,4.85,9.56,5.84
1.017,Very Good,Yellow,B+,59.37,64.59,5466,4.79,9.71,6.14
0.807,Very Good,Orange,B,64.99,68.18,2720,3.88,9.9,5.8
0.837,Excellent,Red,A+,57.64,67.2,12732,9.3,5.36,3.97
1.516,Fair,Black,A,56.12,53.83,5442,8.96,6.88,2.56
0.743,Excellent,White,B+,58.32,60.62,3194,6.73,4.64,2.26
1.033,Very Good,Yellow,B+,56.43,66.26,5959,4.91,8.94,6.1
0.993,Very Good,Yellow,B+,57.41,69.18,5609,4.93,9.1,5.79
1.055,Very Good,Yellow,B+,56.66,70.52,5804,5.1,9.4,5.72
1.053,Very Good,Yellow,B+,56.3,65.49,5557,4.96,9.08,5.67
0.733,Good,Green,B,63.11,50.87,2463,9.14,8.49,6.49
0.609,Excellent,Brown,A+,64.99,64.05,15414,10.17,3.87,4.31
1.438,Fair,Black,A,54.15,53.2,4968,9.17,6.69,2.51
1.448,Fair,Black,A,57.71,54.26,5177,8.56,6.71,2.45
0.87,Excellent,Blue,A+,63.61,54.64,14934,4.3,5.51,4.12
0.992,Very Good,Yellow,B+,60.66,66.44,5519,4.86,9.32,6.05
0.849,Very Good,Orange,B,61.61,67.86,2504,3.93,9.73,5.86
0.495,Fair,Pink,C,58.82,62.76,13283,9.27,8.19,2.99
0.885,Excellent,Blue,A+,65.5,56.89,15731,4.26,5.77,4.22
0.468,Fair,Pink,C,60.6,57.86,13150,8.7,7.77,2.93
0.716,Good,Green,B,61.07,49.6,2414,9.49,8.68,6.19
0.709,Good,Green,B,63.22,50.83,2418,9.24,8.93,6.81
0.473,Fair,Pink,C,59.51,60.52,14024,9.35,7.9,2.94
0.876,Excellent,Red,A+,60.84,73.21,12898,9.0,5.15,3.95
0.696,Good,Green,B,60.41,49.38,2349,8.89,9.03,6.35
0.751,Excellent,White,B+,58.56,59.95,3206,6.87,4.54,2.28
0.864,Excellent,Red,A+,60.97,73.29,13260,8.53,5.03,3.65
0.751,Good,Green,B,61.93,48.06,2465,9.12,9.34,6.24
0.599,Excellent,Brown,A+,63.47,64.08,15008,10.14,3.91,4.25
0.847,Excellent,Red,A+,58.02,66.94,12813,9.27,5.39,3.79
1.534,Fair,Black,A,55.97,50.87,5433,8.93,6.76,2.49
0.616,Excellent,Brown,A+,63.37,61.91,15925,10.38,3.89,4.03
0.474,Fair,Pink,C,57.09,59.41,13015,9.28,8.28,2.95
0.733,Excellent,White,B+,57.15,58.45,3281,6.76,4.82,2.27
0.603,Excellent,Brown,A+,59.42,60.92,15164,10.46,3.96,4.06
1.343,Very Good,Purple,C-,62.7,62.26,16200,5.41,7.93,3.14
0.47,Fair,Pink,C,59.92,62.47,13580,9.32,7.75,2.94
0.739,Excellent,White,B+,54.82,59.22,3100,6.57,4.49,2.21
0.885,Excellent,Red,A+,58.69,67.57,12919,8.46,4.99,3.62
0.999,Very Good,Yellow,B+,56.91,69.52,5983,4.88,9.67,5.8
0.807,Excellent,Red,A+,61.65,67.19,12961,8.63,5.38,3.92
0.88,Excellent,Blue,A+,67.26,52.84,15612,4.23,5.78,3.91
0.747,Excellent,White,B+,53.82,59.47,3106,6.82,4.92,2.3
0.856,Excellent,Red,A+,57.25,73.27,13027,8.68,5.27,3.69
0.948,Excellent,Blue,A+,63.65,52.1,15402,4.18,5.46,4.01
0.712,Good,Green,B,60.5,52.66,2419,9.27,9.07,6.28
0.702,Good,Green,B,62.1,51.24,2361,9.53,9.13,6.21
0.832,Very Good,Orange,B,64.27,72.14,2502,3.8,10.48,6.28
0.845,Very Good,Orange,B,62.61,67.95,2649,3.84,9.63,6.34
0.745,Excellent,White,B+,56.43,58.75,3196,6.95,4.72,2.16
0.714,Excellent,White,B+,57.96,60.92,3217,6.6,4.54,2.16
0.482,Fair,Pink,C,58.23,62.27,13708,9.21,8.31,3.04
0.843,Very Good,Orange,B,61.35,71.65,2641,3.92,9.89,6.11
0.749,Excellent,White,B+,54.16,57.23,3171,6.78,4.51,2.23
0.946,Excellent,Blue,A+,63.08,56.22,14747,4.24,5.42,4.13
1.321,Very Good,Purple,C-,64.67,66.31,15609,5.33,7.78,2.97
1.031,Very Good,Yellow,B+,60.48,69.74,5681,4.97,9.27,6.04
1.342,Very Good,Purple,C-,66.4,62.13,16187,5.42,7.88,3.2
0.752,Good,Green,B,64.96,48.27,2454,9.13,8.62,6.52
1.022,Very Good,Yellow,B+,60.6,67.89,5733,5.02,9.65,5.95
0.745,Excellent,White,B+,55.69,56.18,3293,6.93,4.7,2.23
1.543,Fair,Black,A,55.38,52.02,5103,9.34,6.58,2.47
1.342,Very Good,Purple,C-,63.36,63.31,16073,5.33,7.74,3.18
0.858,Very Good,Orange,B,62.67,69.38,2658,4.09,10.1,6.11
0.456,Fair,Pink,C,61.33,58.87,13446,9.24,8.35,3.1
1.472,Fair,Black,A,56.09,53.18,4989,8.86,6.47,2.44
0.604,Excellent,Brown,A+,60.98,60.47,15407,10.47,3.89,4.02
0.844,Very Good,Orange,B,60.94,72.38,2649,3.93,10.41,6.16
0.458,Fair,Pink,C,60.3,59.88,14083,9.38,7.87,3.11
1.289,Very Good,Purple,C-,66.87,67.4,15562,5.48,7.78,2.95
1.242,Very Good,Purple,C-,64.66,63.83,16103,5.31,7.85,2.99
1.361,Very Good,Purple,C-,66.13,65.49,15344,5.36,7.92,2.99
0.786,Very Good,Orange,B,63.45,66.94,2573,3.74,10.0,6.27
0.867,Excellent,Red,A+,59.89,68.08,12863,8.96,5.23,3.99
1.433,Fair,Black,A,53.31,54.26,5108,9.28,6.43,2.54
1.282,Very Good,Purple,C-,62.5,63.99,16248,5.55,7.45,3.05
0.739,Excellent,White,B+,55.77,60.98,3114,7.03,4.54,2.25
0.692,Good,Green,B,59.33,52.56,2502,9.44,9.18,6.18
0.706,Good,Green,B,61.92,49.45,2457,8.84,8.94,6.66
1.468,Fair,Black,A,56.98,50.91,5303,8.47,6.76,2.54
0.893,Excellent,Blue,A+,62.62,52.58,15498,4.15,5.63,4.28
0.712,Good,Green,B,60.68,52.07,2438,9.43,8.47,6.74
1.265,Very Good,Purple,C-,63.73,68.1,15359,5.3,7.98,3.11
0.82,Excellent,Red,A+,62.8,70.63,13276,8.49,5.42,3.73
0.722,Excellent,White,B+,54.18,57.6,3152,6.99,4.58,2.31
1.437,Fair,Black,A,53.26,51.52,5141,9.34,7.03,2.61
0.467,Fair,Pink,C,57.57,59.95,13203,9.21,8.02,3.05
1.007,Very Good,Yellow,B+,58.42,67.0,5593,4.95,9.35,5.68
0.852,Excellent,Red,A+,61.1,68.11,12529,9.07,5.41,3.96
1.364,Very Good,Purple,C-,67.57,62.69,16692,5.63,7.56,3.12
0.697,Good,Green,B,64.21,48.52,2287,8.94,9.32,6.8
0.477,Fair,Pink,C,61.04,62.99,14293,8.8,8.22,2.88
0.805,Excellent,Red,A+,62.92,71.02,13137,9.0,5.25,3.7
0.902,Excellent,Blue,A+,66.73,54.07,15203,4.29,5.77,4.05
1.299,Very Good,Purple,C-,62.16,63.01,15251,5.54,7.33,3.03
1.264,Very Good,Purple,C-,65.61,63.07,15527,5.23,8.05,3.08
0.619,Excellent,Brown,A+,61.41,61.44,14912,10.3,3.82,4.3
1.329,Very Good,Purple,C-,63.82,67.85,16115,5.42,7.81,3.16
0.917,Excellent,Blue,A+,65.18,55.97,14504,4.46,5.66,4.06
0.92,Excellent,Blue,A+,65.61,54.91,14514,4.16,5.59,4.02
0.478,Fair,Pink,C,58.05,61.29,13089,9.02,7.71,3.1
0.7,Excellent,White,B+,56.1,56.63,3227,7.17,4.72,2.18
0.816,Very Good,Orange,B,60.98,70.73,2655,3.78,9.95,5.95
0.863,Excellent,Red,A+,57.74,67.49,12934,8.78,5.21,3.76
1.486,Fair,Black,A,53.81,53.07,4962,8.61,6.59,2.59
0.816,Excellent,Red,A+,57.87,72.09,12416,8.73,5.32,3.98
0.486,Fair,Pink,C,56.26,58.37,13292,9.11,7.8,2.99
0.733,Excellent,White,B+,53.33,60.74,3116,6.96,4.69,2.18
0.727,Good,Green,B,59.04,52.22,2346,9.22,9.18,6.31
0.815,Excellent,Red,A+,60.92,66.95,13459,9.05,5.38,3.72
0.688,Good,Green,B,61.58,48.68,2441,9.2,9.07,6.56
1.423,Fair,Black,A,55.45,53.22,5424,8.54,6.57,2.47
1.342,Very Good,Purple,C-,66.17,67.23,15303,5.38,7.41,3.21
0.822,Very Good,Orange,B,63.16,71.47,2629,3.75,10.23,6.18
0.719,Good,Green,B,63.27,52.48,2516,8.91,9.0,6.38
1.481,Fair,Black,A,56.39,55.06,5259,8.9,6.85,2.5
0.877,Excellent,Red,A+,58.4,68.73,12601,8.56,5.18,3.91
1.045,Very Good,Yellow,B+,60.89,66.92,5605,4.93,9.53,5.61
1.034,Very Good,Yellow,B+,56.58,64.58,5586,4.92,9.65,5.67
0.807,Very Good,Orange,B,64.41,70.91,2477,3.77,9.83,6.0
0.76,Excellent,White,B+,57.77,59.35,3194,6.99,4.88,2.21
0.817,Very Good,Orange,B,64.98,73.1,2484,3.91,10.06,6.21
1.475,Fair,Black,A,54.08,53.78,5355,9.25,6.6,2.62
0.496,Fair,Pink,C,57.56,59.84,13746,8.7,8.08,2.91
0.746,Good,Green,B,63.66,51.33,2355,8.67,8.82,6.5
1.002,Very Good,Yellow,B+,59.91,66.17,5714,4.74,9.28,5.63
1.057,Very Good,Yellow,B+,57.67,64.29,5690,4.9,9.11,6.15
1.442,Fair,Black,A,54.74,54.22,4991,9.33,6.71,2.62
1.038,Very Good,Yellow,B+,57.76,68.94,5712,4.66,9.81,6.01
0.643,Excellent,Brown,A+,61.46,64.1,14692,10.68,4.1,4.0
0.487,Fair,Pink,C,56.8,58.79,13407,9.03,8.22,3.05
0.463,Fair,Pink,C,57.18,57.66,13868,9.01,7.77,2.96
0.801,Very Good,Orange,B,65.79,72.23,2619,3.77,9.81,6.34
1.462,Fair,Black,A,53.64,52.65,5291,8.55,6.4,2.48
0.862,Excellent,Red,A+,62.35,71.11,13247,8.85,5.12,3.74
1.037,Very Good,Yellow,B+,58.99,67.73,5969,5.03,9.37,5.68
0.701,Excellent,White,B+,55.04,59.34,3285,6.88,4.91,2.12
0.605,Excellent,Brown,A+,61.65,59.75,15938,10.22,4.14,4.13
0.696,Excellent,White,B+,55.96,57.63,3187,6.67,4.83,2.22
0.846,Excellent,Red,A+,59.43,71.7,12489,8.95,4.98,3.72
0.723,Excellent,White,B+,55.61,59.21,3215,7.23,4.65,2.16
0.616,Excellent,Brown,A+,65.5,62.11,15058,10.6,3.87,4.27
0.641,Excellent,Brown,A+,60.09,62.29,15032,9.98,3.98,4.12
1.244,Very Good,Purple,C-,61.98,67.04,16434,5.33,7.7,3.15
0.7,Good,Green,B,59.86,50.71,2461,9.38,9.13,6.6
0.732,Excellent,White,B+,55.48,58.96,3102,7.03,4.61,2.22
0.5,Fair,Pink,C,61.05,61.92,14268,9.44,8.07,3.03
1.456,Fair,Black,A,53.63,51.71,5131,8.94,6.4,2.55
0.788,Very Good,Orange,B,61.63,66.81,2582,3.94,10.13,6.23
1.285,Very Good,Purple,C-,64.79,66.06,15959,5.23,7.61,3.23
1.255,Very Good,Purple,C-,67.71,66.11,15414,5.17,7.33,3.17
0.742,Excellent,White,B+,58.76,56.37,3083,7.11,4.87,2.29
0.647,Excellent,Brown,A+,63.27,61.42,15183,10.73,3.95,4.08
1.314,Very Good,Purple,C-,65.0,67.25,15578,5.4,7.63,3.11
0.782,Very Good,Orange,B,60.09,69.98,2565,3.93,10.46,5.84
1.541,Fair,Black,A,58.39,54.27,5181,8.52,6.96,2.4
0.74,Excellent,White,B+,57.02,59.49,3258,6.93,4.74,2.22
0.823,Very Good,Orange,B,59.92,69.78,2705,3.93,9.83,6.01
0.47,Fair,Pink,C,55.78,63.16,14041,9.2,8.05,2.87
0.736,Excellent,White,B+,56.51,59.41,3133,7.06,4.48,2.2
0.845,Excellent,Red,A+,62.11,68.64,12522,8.71,5.39,3.62
0.727,Good,Green,B,64.65,51.5,2438,8.98,8.61,6.68
1.013,Very Good,Yellow,B+,59.74,69.94,5610,4.7,9.07,6.16
0.874,Excellent,Red,A+,61.52,69.59,12848,9.04,5.32,3.67
0.635,Excellent,Brown,A+,61.53,62.58,15690,10.0,3.87,4.16
0.479,Fair,Pink,C,61.12,63.16,13335,9.17,7.91,2.93
1.524,Fair,Black,A,52.98,55.06,5173,9.06,7.01,2.55
0.878,Excellent,Blue,A+,65.7,53.41,15723,4.3,5.74,4.01
0.469,Fair,Pink,C,56.15,61.54,13550,9.25,8.2,3.07
0.637,Excellent,Brown,A+,62.62,62.8,16054,10.21,3.8,3.99
0.685,Good,Green,B,59.6,48.31,2387,8.84,8.71,6.3
0.926,Excellent,Blue,A+,62.6,54.71,15798,4.13,5.71,3.94
0.69,Good,Green,B,62.75,49.68,2463,9.23,9.17,6.3
0.734,Good,Green,B,60.57,50.13,2504,9.23,9.28,6.35
1.325,Very Good,Purple,C-,65.58,66.76,15611,5.55,7.53,2.96
1.278,Very Good,Purple,C-,61.66,67.96,15623,5.37,7.69,3.23
0.613,Excellent,Brown,A+,63.41,59.28,15362,10.33,4.05,4.03
0.746,Excellent,White,B+,53.87,56.0,3222,6.73,4.67,2.29
0.858,Excellent,Red,A+,57.01,66.96,12857,8.59,5.11,3.76
0.916,Excellent,Blue,A+,68.38,54.15,15102,4.4,5.81,4.22
1.43,Fair,Black,A,55.06,53.8,5345,8.56,6.72,2.62
0.835,Very Good,Orange,B,62.37,71.03,2719,3.74,10.03,6.38
0.745,Good,Green,B,63.72,49.24,2328,9.15,9.32,6.6
0.489,Fair,Pink,C,60.82,61.39,13507,8.63,8.11,3.07
0.806,Excellent,Red,A+,57.15,73.68,12660,8.8,5.35,3.85
0.732,Excellent,White,B+,57.98,58.2,3358,6.58,4.49,2.26
0.906,Excellent,Blue,A+,63.61,55.03,15235,4.44,5.86,4.11
0.603,Excellent,Brown,A+,59.83,63.15,15283,9.9,4.16,4.25
1.035,Very Good,Yellow,B+,55.86,65.29,5443,4.81,9.68,5.87
0.873,Excellent,Red,A+,57.38,72.43,12498,8.98,5.26,3.63
1.008,Very Good,Yellow,B+,59.81,70.75,5801,4.81,9.85,5.94
0.83,Excellent,Red,A+,62.79,68.19,12409,8.61,4.97,3.71
1.257,Very Good,Purple,C-,63.66,62.82,15589,5.44,7.42,3.19
0.612,Excellent,Brown,A+,60.36,64.04,14658,9.89,4.17,4.29
0.644,Excellent,Brown,A+,61.98,63.6,15717,10.6,3.88,4.26
1.463,Fair,Black,A,54.25,51.08,5299,8.99,6.85,2.53
0.729,Good,Green,B,63.85,49.53,2281,8.86,8.56,6.52
0.729,Good,Green,B,64.35,52.75,2401,9.07,9.01,6.31
0.887,Excellent,Blue,A+,67.44,55.2,15912,4.24,5.47,4.17
0.874,Excellent,Blue,A+,64.61,52.63,14822,4.3,5.87,4.08
0.737,Good,Green,B,64.74,48.67,2468,9.09,8.56,6.76
0.737,Excellent,White,B+,55.12,56.74,3256,6.78,4.83,2.16
0.701,Good,Green,B,61.56,48.79,2493,8.71,8.98,6.21
1.254,Very Good,Purple,C-,67.26,64.71,15819,5.2,7.87,3.14
0.466,Fair,Pink,C,56.32,61.76,13096,8.67,8.28,2.99
0.867,Excellent,Red,A+,58.32,68.76,12553,9.16,5.44,3.95
0.649,Excellent,Brown,A+,64.72,59.15,15846,10.39,4.2,4.24
0.714,Excellent,White,B+,57.39,59.88,3118,6.78,4.74,2.29
0.648,Excellent,Brown,A+,65.09,64.16,15174,9.93,4.2,4.3
1.401,Fair,Black,A,55.87,52.69,5354,9.19,6.67,2.44
1.507,Fair,Black,A,56.78,52.31,5053,8.77,6.53,2.62
0.913,Excellent,Blue,A+,64.22,55.3,15744,4.36,5.38,4.08
0.877,Excellent,Red,A+,59.43,72.23,12831,8.87,5.27,3.94
0.712,Good,Green,B,63.28,50.46,2351,9.33,9.08,6.57
0.638,Excellent,Brown,A+,64.3,59.11,15882,10.65,3.82,4.39
0.852,Very Good,Orange,B,60.55,69.16,2630,3.85,9.68,6.14
0.724,Good,Green,B,63.8,48.48,2360,9.14,9.03,6.65
0.643,Excellent,Brown,A+,63.77,63.26,15699,10.21,4.16,4.2
1.271,Very Good,Purple,C-,61.68,63.99,15977,5.41,7.41,3.17
1.529,Fair,Black,A,55.43,52.1,5290,9.07,7.02,2.6
1.055,Very Good,Yellow,B+,57.76,64.67,5926,4.8,9.83,5.67
0.461,Fair,Pink,C,56.44,58.48,13294,9.41,7.62,2.97
1.533,Fair,Black,A,55.55,52.38,5323,8.47,6.49,2.38
1.049,Very Good,Yellow,B+,58.11,66.39,5744,4.98,9.67,5.89
1.52,Fair,Black,A,55.4,51.77,5008,9.16,6.48,2.44
0.721,Excellent,White,B+,54.91,60.52,3087,6.75,4.91,2.23
0.863,Excellent,Red,A+,58.71,73.52,13441,9.07,5.29,3.67
0.976,Very Good,Yellow,B+,60.86,68.0,5666,4.84,9.12,6.02
0.859,Very Good,Orange,B,60.78,69.74,2723,3.91,9.62,5.81
0.75,Excellent,White,B+,58.61,61.0,3089,7.22,4.72,2.2
0.479,Fair,Pink,C,57.27,63.29,14358,9.07,7.72,3.02
0.718,Excellent,White,B+,53.93,58.38,3052,7.02,4.52,2.1
0.641,Excellent,Brown,A+,62.16,59.19,14619,10.55,4.03,4.08
0.465,Fair,Pink,C,56.06,62.72,13942,9.41,8.38,2.97
0.717,Excellent,White,B+,56.69,61.09,3330,6.8,4.53,2.28
0.811,Very Good,Orange,B,59.93,69.01,2550,3.88,10.06,5.93
0.748,Excellent,White,B+,55.63,58.16,3092,7.06,4.89,2.25
1.253,Very Good,Purple,C-,65.06,62.31,15532,5.39,7.98,3.25
0.751,Good,Green,B,62.66,49.68,2281,9.23,8.7,6.29
0.745,Excellent,White,B+,57.53,56.38,3099,6.82,4.73,2.1
0.496,Fair,Pink,C,57.35,60.96,13649,8.57,7.6,2.93
0.703,Excellent,White,B+,57.03,57.26,3097,7.18,4.77,2.1
0.48,Fair,Pink,C,61.25,61.2,13510,8.98,7.95,2.93
0.765,Excellent,White,B+,57.89,57.76,3274,6.57,4.59,2.22
0.83,Excellent,Red,A+,62.27,67.64,12562,8.7,5.16,3.96
0.783,Very Good,Orange,B,61.69,71.07,2489,3.78,10.13,6.26
0.636,Excellent,Brown,A+,62.77,64.0,15800,10.59,3.92,4.28
0.787,Very Good,Orange,B,63.5,72.37,2473,3.91,9.87,6.09
0.855,Very Good,Orange,B,60.88,68.12,2600,4.03,10.3,6.14
1.521,Fair,Black,A,56.88,53.87,5357,8.83,6.98,2.4
0.881,Excellent,Red,A+,59.88,68.88,12821,9.18,5.4,3.84
0.793,Very Good,Orange,B,61.77,71.81,2500,3.76,10.19,6.21
0.462,Fair,Pink,C,56.34,58.05,13961,9.26,7.66,3.08
1.241,Very Good,Purple,C-,61.97,66.9,16021,5.16,7.41,3.02
0.706,Good,Green,B,59.06,48.27,2309,9.19,8.98,6.31
0.781,Very Good,Orange,B,60.77,71.83,2542,3.93,9.85,6.32
0.604,Excellent,Brown,A+,62.94,59.23,15419,9.89,3.89,4.07
0.464,Fair,Pink,C,59.99,57.6,14008,9.38,8.34,3.11
0.72,Excellent,White,B+,56.6,58.15,3346,6.68,4.63,2.17
1.016,Very Good,Yellow,B+,57.46,69.26,5594,4.88,9.42,5.9
0.837,Very Good,Orange,B,63.36,66.88,2555,3.75,9.78,6.16
0.489,Fair,Pink,C,60.5,58.94,13572,9.44,7.94,3.11
0.762,Excellent,White,B+,55.36,55.65,3255,7.02,4.65,2.2
0.693,Good,Green,B,61.45,51.28,2514,9.32,9.25,6.28
0.859,Very Good,Orange,B,61.98,70.77,2727,3.75,10.34,6.24
0.493,Fair,Pink,C,60.06,61.17,14051,9.27,8.35,2.96
0.648,Excellent,Brown,A+,65.55,61.77,14760,10.35,3.85,4.2
1.028,Very Good,Yellow,B+,55.88,64.8,5445,4.69,9.57,6.18
1.314,Very Good,Purple,C-,63.38,63.72,16197,5.54,7.82,3.11
0.751,Excellent,White,B+,54.43,59.45,3196,6.74,4.63,2.28
1.399,Fair,Black,A,57.17,55.39,5397,8.56,6.67,2.59
0.727,Excellent,White,B+,53.48,58.83,3315,6.76,4.8,2.2
0.829,Excellent,Red,A+,59.33,72.05,13089,8.89,5.23,3.81
0.728,Excellent,White,B+,58.09,58.54,3165,6.9,4.92,2.23
0.842,Very Good,Orange,B,61.64,67.03,2623,3.75,9.87,6.29
0.591,Excellent,Brown,A+,64.95,60.72,14683,10.24,3.94,4.14
0.989,Very Good,Yellow,B+,58.86,68.12,5933,4.69,9.22,5.8
0.919,Excellent,Blue,A+,62.47,55.06,15082,4.26,5.61,3.9
0.736,Excellent,White,B+,58.83,57.78,3164,6.95,4.84,2.11
0.998,Very Good,Yellow,B+,58.02,69.29,5608,4.96,9.27,5.86
0.74,Excellent,White,B+,58.76,56.02,3312,6.7,4.59,2.16
0.614,Excellent,Brown,A+,60.79,63.2,14675,10.76,3.84,4.13
0.725,Good,Green,B,62.29,49.93,2363,8.71,9.19,6.5
0.477,Fair,Pink,C,58.73,58.78,13566,9.11,7.96,3.08
0.877,Excellent,Red,A+,60.77,70.31,12592,8.9,5.28,3.92
0.713,Excellent,White,B+,56.87,60.31,3312,7.18,4.9,2.25
0.917,Excellent,Blue,A+,64.61,52.29,14668,4.33,5.54,4.07
0.85,Very Good,Orange,B,65.59,71.04,2689,3.81,9.79,5.89
0.604,Excellent,Brown,A+,60.87,59.54,14577,10.71,3.92,4.19
1.29,Very Good,Purple,C-,67.12,63.06,15636,5.15,7.92,3.03
1.422,Fair,Black,A,57.66,55.25,5192,8.47,6.94,2.4
0.607,Excellent,Brown,A+,59.77,64.51,15907,10.58,4.15,4.16
0.823,Excellent,Red,A+,60.43,70.2,12506,9.05,5.24,3.9
1.434,Fair,Black,A,57.84,51.42,5003,9.17,6.59,2.52
1.34,Very Good,Purple,C-,66.07,67.83,15548,5.19,7.48,3.03
1.268,Very Good,Purple,C-,65.08,64.94,15799,5.64,7.56,3.08
1.062,Very Good,Yellow,B+,60.2,70.45,5621,5.01,9.7,5.62
0.591,Excellent,Brown,A+,64.0,63.54,14618,10.83,4.07,4.1
1.275,Very Good,Purple,C-,67.46,64.11,16499,5.2,7.98,3.21
1.236,Very Good,Purple,C-,67.47,67.78,16668,5.29,8.04,3.18
0.466,Fair,Pink,C,60.78,63.12,13879,9.34,8.21,2.97
0.894,Excellent,Blue,A+,62.75,55.71,15187,4.35,5.89,4.03
1.349,Very Good,Purple,C-,66.57,67.11,16317,5.4,7.59,3.13
1.505,Fair,Black,A,55.44,50.3,4967,9.03,6.79,2.57
0.803,Excellent,Red,A+,58.2,68.83,13098,8.55,5.07,3.88
0.874,Excellent,Red,A+,61.11,72.25,12765,8.88,5.32,3.71
0.64,Excellent,Brown,A+,64.37,59.84,15169,10.07,4.15,4.39
0.603,Excellent,Brown,A+,65.3,64.31,15525,10.53,4.16,4.4
0.991,Very Good,Yellow,B+,60.04,64.46,5767,4.95,9.07,6.17
0.883,Excellent,Red,A+,57.7,71.73,12915,9.27,5.18,3.87
0.7,Good,Green,B,60.26,52.54,2475,8.89,9.12,6.42
1.346,Very Good,Purple,C-,65.15,68.22,15652,5.5,7.64,3.07
0.805,Excellent,Red,A+,62.86,68.34,12936,8.68,5.24,3.86
0.685,Good,Green,B,59.82,49.41,2446,9.27,9.09,6.64
0.605,Excellent,Brown,A+,59.97,58.98,15044,10.12,4.16,4.41
0.633,Excellent,Brown,A+,64.44,58.65,15306,10.28,4.19,4.27
0.885,Excellent,Red,A+,60.36,70.77,12688,8.9,5.42,3.94
0.81,Excellent,Red,A+,61.26,69.73,12688,8.73,5.45,3.8
0.492,Fair,Pink,C,60.99,59.28,14216,9.1,8.21,2.93
0.815,Very Good,Orange,B,60.89,71.76,2597,4.08,10.06,6.36
0.697,Excellent,White,B+,54.13,56.92,3051,6.73,4.8,2.19
0.696,Excellent,White,B+,55.3,59.72,3195,6.9,4.86,2.28
0.709,Good,Green,B,60.26,49.21,2480,9.33,9.19,6.54
0.602,Excellent,Brown,A+,65.61,58.64,15708,10.07,4.17,4.09
0.743,Excellent,White,B+,58.27,55.73,3258,7.02,4.65,2.22
0.744,Good,Green,B,59.95,48.19,2479,9.25,8.86,6.8
0.63,Excellent,Brown,A+,61.43,58.89,15487,10.35,4.18,4.41
0.597,Excellent,Brown,A+,64.77,63.56,14967,10.71,4.1,4.22
0.613,Excellent,Brown,A+,61.87,59.71,16011,10.78,3.84,4.35
0.836,Excellent,Red,A+,59.41,71.23,13590,8.59,5.1,3.91
0.499,Fair,Pink,C,59.11,59.75,13146,8.88,7.76,2.98
1.297,Very Good,Purple,C-,64.91,64.5,16410,5.57,7.79,3.08
1.247,Very Good,Purple,C-,64.59,68.08,16282,5.48,7.86,3.23
1.489,Fair,Black,A,55.84,51.69,5167,9.26,6.68,2.41
0.861,Excellent,Red,A+,58.8,68.44,12906,8.96,5.23,3.96
1.412,Fair,Black,A,55.28,50.66,5283,8.96,6.53,2.44
0.739,Good,Green,B,59.1,51.51,2391,9.36,9.21,6.2
1.349,Very Good,Purple,C-,63.19,65.57,15927,5.49,7.8,3.03
0.821,Excellent,Red,A+,57.47,73.58,12687,9.05,5.17,3.62
1.25,Very Good,Purple,C-,62.38,64.85,16306,5.6,8.06,3.13
0.716,Excellent,White,B+,57.86,59.18,3261,7.22,4.78,2.27
0.693,Good,Green,B,59.08,48.35,2283,9.53,9.22,6.31
0.858,Excellent,Red,A+,59.61,71.08,13377,8.62,5.1,3.79
0.724,Excellent,White,B+,53.95,60.85,3276,6.86,4.69,2.09
0.736,Excellent,White,B+,54.42,58.91,3306,6.59,4.47,2.23
1.362,Very Good,Purple,C-,66.75,66.54,16153,5.43,7.54,3.1
0.731,Excellent,White,B+,57.36,61.05,3329,7.15,4.57,2.1
0.908,Excellent,Blue,A+,64.29,51.83,15797,4.21,5.63,4.1
0.816,Very Good,Orange,B,62.6,67.73,2658,3.89,9.94,6.1
0.645,Excellent,Brown,A+,61.49,62.33,15823,10.56,3.85,4.11
1.36,Very Good,Purple,C-,66.65,66.13,16375,5.56,7.93,3.21
0.602,Excellent,Brown,A+,63.69,59.15,15273,10.06,3.86,4.2
1.358,Very Good,Purple,C-,64.46,63.28,16090,5.67,7.59,3.03
0.818,Excellent,Red,A+,62.16,70.22,13398,8.76,5.0,3.7
1.429,Fair,Black,A,54.35,51.96,5124,8.5,6.95,2.44
0.875,Excellent,Red,A+,62.24,70.93,12485,8.5,5.43,3.91
0.754,Good,Green,B,63.85,50.85,2486,8.74,8.96,6.5
0.856,Excellent,Red,A+,62.23,73.09,12554,8.71,5.17,3.8
0.695,Good,Green,B,61.25,51.91,2309,8.83,9.32,6.67
0.892,Excellent,Blue,A+,67.52,53.34,15207,4.07,5.58,4.2
0.831,Very Good,Orange,B,61.4,71.87,2607,4.01,9.64,6.06
1.352,Very Good,Purple,C-,67.41,65.11,16291,5.64,7.66,3.18
1.535,Fair,Black,A,53.39,51.82,5450,8.6,6.41,2.56
0.879,Excellent,Red,A+,57.35,71.12,13277,9.04,5.21,3.72
1.35,Very Good,Purple,C-,65.8,67.43,16354,5.3,7.58,3.2
1.486,Fair,Black,A,53.73,52.29,5274,9.24,6.78,2.53
0.744,Excellent,White,B+,58.27,60.15,3169,6.69,4.61,2.1
0.811,Very Good,Orange,B,64.38,72.76,2605,3.92,9.71,6.11
0.481,Fair,Pink,C,60.0,58.54,13053,9.27,8.07,2.92
0.491,Fair,Pink,C,61.35,58.24,13097,8.89,8.1,2.96
0.938,Excellent,Blue,A+,68.39,53.92,15310,4.04,5.56,3.99
0.624,Excellent,Brown,A+,64.96,62.49,15350,10.5,3.94,4.11
0.631,Excellent,Brown,A+,63.84,61.82,14913,10.22,4.03,4.34
0.816,Very Good,Orange,B,60.77,69.58,2577,3.74,9.92,5.87
1.01,Very Good,Yellow,B+,57.24,67.68,5750,4.91,9.3,5.76
0.74,Excellent,White,B+,58.89,59.61,3343,7.06,4.66,2.13
1.415,Fair,Black,A,56.88,50.84,5306,9.22,6.44,2.43
0.696,Excellent,White,B+,54.17,58.85,3334,6.64,4.87,2.11
0.826,Very Good,Orange,B,60.1,67.67,2566,4.09,9.8,6.09
0.815,Excellent,Red,A+,60.54,67.03,13512,9.25,5.05,3.92
0.694,Excellent,White,B+,56.37,55.97,3054,6.89,4.61,2.19
0.843,Very Good,Orange,B,62.84,71.64,2627,4.0,10.0,6.08
0.742,Excellent,White,B+,54.13,59.83,3068,6.99,4.76,2.18
1.279,Very Good,Purple,C-,61.57,66.11,15908,5.28,7.38,3.0
0.922,Excellent,Blue,A+,67.44,55.32,15292,4.09,5.68,3.97
0.623,Excellent,Brown,A+,64.11,64.52,15333,10.66,4.0,4.0
1.423,Fair,Black,A,53.02,54.31,5067,9.08,6.96,2.49
1.486,Fair,Black,A,55.15,50.4,5388,8.48,6.66,2.48
1.443,Fair,Black,A,54.35,50.77,4991,8.6,6.46,2.44
0.695,Good,Green,B,64.91,51.2,2294,9.52,8.62,6.64
0.475,Fair,Pink,C,57.45,60.07,13459,8.89,8.26,2.89
0.989,Very Good,Yellow,B+,58.56,65.72,5704,4.9,9.82,5.76
0.817,Very Good,Orange,B,62.41,69.99,2575,3.8,10.39,5.96
0.631,Excellent,Brown,A+,60.91,62.04,15736,10.2,3.96,4.03
1.426,Fair,Black,A,58.31,52.13,5452,9.15,6.73,2.48
1.463,Fair,Black,A,52.92,52.61,5371,8.71,7.02,2.38
0.713,Excellent,White,B+,54.7,59.55,3359,7.14,4.56,2.27
0.458,Fair,Pink,C,59.9,60.98,13426,8.91,7.7,2.89
1.543,Fair,Black,A,57.81,51.27,5202,9.17,6.96,2.61
0.503,Fair,Pink,C,59.72,59.22,13922,8.84,7.77,3.14
0.78,Very Good,Orange,B,64.21,71.13,2470,3.89,10.4,6.21
1.307,Very Good,Purple,C-,65.77,64.93,15828,5.17,7.99,3.15
1.401,Fair,Black,A,57.55,53.71,5289,8.77,6.91,2.58
0.811,Very Good,Orange,B,65.14,72.29,2725,3.75,9.87,5.91
0.89,Excellent,Blue,A+,62.35,53.01,15840,4.19,5.42,4.15
0.495,Fair,Pink,C,56.87,63.51,14340,8.58,7.99,3.06
0.602,Excellent,Brown,A+,60.6,63.68,15141,10.78,4.03,4.2
1.425,Fair,Black,A,57.03,53.71,5253,8.61,6.76,2.56
0.825,Excellent,Red,A+,60.42,68.29,13030,9.15,5.04,3.87
1.487,Fair,Black,A,56.71,54.82,4941,8.84,6.82,2.54
0.814,Very Good,Orange,B,66.12,68.52,2646,3.89,9.86,6.26
0.969,Very Good,Yellow,B+,60.43,67.72,5595,4.85,9.24,6.12
0.96,Excellent,Blue,A+,63.7,55.23,15895,4.43,5.48,4.03
0.729,Good,Green,B,59.6,50.2,2473,9.18,9.01,6.39
0.468,Fair,Pink,C,58.35,63.38,14155,9.29,8.02,2.92
0.74,Good,Green,B,62.84,51.63,2430,9.17,8.53,6.21
0.904,Excellent,Blue,A+,68.06,55.25,15629,4.06,5.82,3.92
0.628,Excellent,Brown,A+,59.79,62.8,15390,10.19,3.95,4.03
1.265,Very Good,Purple,C-,65.14,66.04,15216,5.34,7.93,3.22
0.595,Excellent,Brown,A+,63.44,62.78,14574,10.42,4.04,4.04
0.924,Excellent,Blue,A+,62.67,55.77,14734,4.28,5.73,4.0
1.298,Very Good,Purple,C-,65.28,62.96,15420,5.15,7.41,3.13
1.538,Fair,Black,A,57.12,51.8,5400,9.15,6.46,2.45
0.803,Very Good,Orange,B,65.96,70.22,2640,3.76,9.74,6.29
1.523,Fair,Black,A,55.27,51.19,5044,9.26,6.89,2.46
0.744,Excellent,White,B+,58.8,59.08,3145,6.95,4.92,2.23
1.278,Very Good,Purple,C-,61.95,67.44,16656,5.4,8.02,3.14
1.012,Very Good,Yellow,B+,56.34,67.37,5852,5.05,9.69,5.83
1.259,Very Good,Purple,C-,67.66,64.11,15317,5.15,7.4,3.04
1.028,Very Good,Yellow,B+,60.39,66.55,5970,4.75,9.2,5.73
0.491,Fair,Pink,C,57.56,60.93,13259,8.57,8.27,3.12
0.945,Excellent,Blue,A+,63.12,55.04,15785,4.18,5.49,4.08
0.845,Very Good,Orange,B,64.01,73.19,2724,4.09,10.38,6.33
0.693,Good,Green,B,64.48,48.44,2325,9.13,9.07,6.38
1.362,Very Good,Purple,C-,62.85,62.05,16185,5.23,7.73,3.19
0.799,Very Good,Orange,B,63.82,68.56,2502,3.9,10.08,6.09
0.74,Good,Green,B,63.91,50.88,2320,9.0,9.24,6.66
0.82,Very Good,Orange,B,62.77,68.85,2567,3.98,10.22,6.1
0.484,Fair,Pink,C,59.31,62.36,13905,8.74,8.32,2.99
1.004,Very Good,Yellow,B+,56.87,70.12,5740,5.11,9.28,5.93
0.866,Excellent,Red,A+,58.77,70.33,12649,8.49,5.21,3.74
0.728,Excellent,White,B+,55.59,60.28,3141,6.82,4.55,2.14
0.71,Good,Green,B,59.51,52.02,2403,9.23,9.15,6.78
0.693,Good,Green,B,61.23,50.53,2360,9.26,8.68,6.66
0.465,Fair,Pink,C,59.11,58.41,14186,9.19,8.03,2.93
0.47,Fair,Pink,C,57.6,63.61,14310,9.29,8.21,2.85
1.542,Fair,Black,A,58.21,54.73,5058,9.1,6.51,2.43
0.638,Excellent,Brown,A+,64.11,63.07,15240,10.7,3.93,4.07
1.262,Very Good,Purple,C-,64.18,65.38,15799,5.44,7.41,3.24
0.915,Excellent,Blue,A+,66.54,53.41,14782,4.22,5.79,4.21
1.441,Fair,Black,A,56.18,53.16,4956,8.58,7.02,2.62
0.628,Excellent,Brown,A+,63.14,62.37,15861,10.9,3.88,4.15
1.453,Fair,Black,A,55.56,51.9,5440,9.02,6.57,2.42
1.423,Fair,Black,A,57.52,53.35,4953,8.63,6.98,2.47
0.988,Very Good,Yellow,B+,58.93,64.6,5447,4.91,9.09,6.11
1.286,Very Good,Purple,C-,67.66,62.59,15869,5.53,7.61,3.23
0.977,Very Good,Yellow,B+,56.29,67.04,5819,4.89,9.5,6.16
0.602,Excellent,Brown,A+,63.85,61.45,14843,10.91,3.98,4.34
0.639,Excellent,Brown,A+,62.66,64.23,15880,10.36,4.03,4.3
0.487,Fair,Pink,C,60.95,59.67,14169,9.26,7.91,3.1
0.838,Excellent,Red,A+,58.08,71.03,12911,8.8,5.28,3.88
0.712,Good,Green,B,64.87,48.99,2488,8.89,9.01,6.36
0.734,Good,Green,B,63.48,48.88,2398,9.55,8.95,6.82
0.738,Good,Green,B,62.13,51.71,2378,8.8,8.64,6.2
0.876,Excellent,Blue,A+,66.77,55.55,15019,4.35,5.85,4.06
0.892,Excellent,Blue,A+,66.87,52.23,15458,4.23,5.63,3.93
1.037,Very Good,Yellow,B+,57.64,67.3,5574,4.73,9.72,5.96
0.828,Excellent,Red,A+,60.21,69.43,12450,9.13,5.29,3.67
0.794,Very Good,Orange,B,64.35,72.85,2608,3.88,9.55,6.18
1.491,Fair,Black,A,56.91,54.9,5143,8.73,6.4,2.38
1.335,Very Good,Purple,C-,67.27,64.19,15581,5.18,7.64,3.25
0.846,Very Good,Orange,B,64.13,67.04,2719,3.74,10.34,6.2
0.806,Excellent,Red,A+,60.08,72.42,12769,9.01,5.26,3.97
1.357,Very Good,Purple,C-,62.05,63.14,15770,5.22,7.62,3.04
1.263,Very Good,Purple,C-,62.69,66.03,15645,5.47,7.35,3.22
1.274,Very Good,Purple,C-,65.14,68.14,15362,5.42,8.08,3.21
